
INSERT INTO nationality (id, name) VALUES (1, 'Afghana');
INSERT INTO nationality (id, name) VALUES (2, 'Albanese');
INSERT INTO nationality (id, name) VALUES (3, 'Algerina');
INSERT INTO nationality (id, name) VALUES (4, 'Andorrana');
INSERT INTO nationality (id, name) VALUES (5, 'Angolana');
INSERT INTO nationality (id, name) VALUES (6, 'Antiguana');
INSERT INTO nationality (id, name) VALUES (7, 'Araba Saudita');
INSERT INTO nationality (id, name) VALUES (8, 'Argentina');
INSERT INTO nationality (id, name) VALUES (9, 'Armena');
INSERT INTO nationality (id, name) VALUES (10, 'Australiana');
INSERT INTO nationality (id, name) VALUES (11, 'Austriaca');
INSERT INTO nationality (id, name) VALUES (12, 'Azerbaigiana');
INSERT INTO nationality (id, name) VALUES (13, 'Bahamense');
INSERT INTO nationality (id, name) VALUES (14, 'Bahreinita');
INSERT INTO nationality (id, name) VALUES (15, 'Bengalese');
INSERT INTO nationality (id, name) VALUES (16, 'Barbadiana');
INSERT INTO nationality (id, name) VALUES (17, 'Belga');
INSERT INTO nationality (id, name) VALUES (18, 'Beliziana');
INSERT INTO nationality (id, name) VALUES (19, 'Beninese');
INSERT INTO nationality (id, name) VALUES (20, 'Bhutanese');
INSERT INTO nationality (id, name) VALUES (21, 'Bielorussa');
INSERT INTO nationality (id, name) VALUES (22, 'Birmana');
INSERT INTO nationality (id, name) VALUES (23, 'Boliviana');
INSERT INTO nationality (id, name) VALUES (24, 'Bosniaca');
INSERT INTO nationality (id, name) VALUES (25, 'Brasiliana');
INSERT INTO nationality (id, name) VALUES (26, 'Britannica');
INSERT INTO nationality (id, name) VALUES (27, 'Bruneiana');
INSERT INTO nationality (id, name) VALUES (28, 'Bulgara');
INSERT INTO nationality (id, name) VALUES (29, 'Burkinabé');
INSERT INTO nationality (id, name) VALUES (30, 'Burundese');
INSERT INTO nationality (id, name) VALUES (31, 'Cambogiana');
INSERT INTO nationality (id, name) VALUES (32, 'Camerunese');
INSERT INTO nationality (id, name) VALUES (33, 'Canadese');
INSERT INTO nationality (id, name) VALUES (34, 'Capoverdiana');
INSERT INTO nationality (id, name) VALUES (35, 'Centrafricana');
INSERT INTO nationality (id, name) VALUES (36, 'Ciadiana');
INSERT INTO nationality (id, name) VALUES (37, 'Ceca');
INSERT INTO nationality (id, name) VALUES (38, 'Cilena');
INSERT INTO nationality (id, name) VALUES (39, 'Cinese');
INSERT INTO nationality (id, name) VALUES (40, 'Cipriota');
INSERT INTO nationality (id, name) VALUES (41, 'Colombiana');
INSERT INTO nationality (id, name) VALUES (42, 'Comoriana');
INSERT INTO nationality (id, name) VALUES (43, 'Congolese (Rep. del Congo)');
INSERT INTO nationality (id, name) VALUES (44, 'Congolese (Rep. Dem. del Congo)');
INSERT INTO nationality (id, name) VALUES (45, 'Coreana del Nord');
INSERT INTO nationality (id, name) VALUES (46, 'Coreana del Sud');
INSERT INTO nationality (id, name) VALUES (47, 'Costaricana');
INSERT INTO nationality (id, name) VALUES (48, 'Croata');
INSERT INTO nationality (id, name) VALUES (49, 'Cubana');
INSERT INTO nationality (id, name) VALUES (50, 'Danese');
INSERT INTO nationality (id, name) VALUES (51, 'Dominicana');
INSERT INTO nationality (id, name) VALUES (52, 'Dominicense');
INSERT INTO nationality (id, name) VALUES (53, 'Ecuadoregna');
INSERT INTO nationality (id, name) VALUES (54, 'Egiziana');
INSERT INTO nationality (id, name) VALUES (55, 'Emiratina');
INSERT INTO nationality (id, name) VALUES (56, 'Eritrea');
INSERT INTO nationality (id, name) VALUES (57, 'Estone');
INSERT INTO nationality (id, name) VALUES (58, 'Etiope');
INSERT INTO nationality (id, name) VALUES (59, 'Figiana');
INSERT INTO nationality (id, name) VALUES (60, 'Filippina');
INSERT INTO nationality (id, name) VALUES (61, 'Finlandese');
INSERT INTO nationality (id, name) VALUES (62, 'Francese');
INSERT INTO nationality (id, name) VALUES (63, 'Gabonese');
INSERT INTO nationality (id, name) VALUES (64, 'Gambiana');
INSERT INTO nationality (id, name) VALUES (65, 'Georgiana');
INSERT INTO nationality (id, name) VALUES (66, 'Ghanese');
INSERT INTO nationality (id, name) VALUES (67, 'Giamaicana');
INSERT INTO nationality (id, name) VALUES (68, 'Giapponese');
INSERT INTO nationality (id, name) VALUES (69, 'Gibutiana');
INSERT INTO nationality (id, name) VALUES (70, 'Giordana');
INSERT INTO nationality (id, name) VALUES (71, 'Greca');
INSERT INTO nationality (id, name) VALUES (72, 'Grenadina');
INSERT INTO nationality (id, name) VALUES (73, 'Guatemalteca');
INSERT INTO nationality (id, name) VALUES (74, 'Guineana');
INSERT INTO nationality (id, name) VALUES (75, 'Guineana-Bissáu');
INSERT INTO nationality (id, name) VALUES (76, 'Guineana Equatoriale');
INSERT INTO nationality (id, name) VALUES (77, 'Guyanese');
INSERT INTO nationality (id, name) VALUES (78, 'Haitiana');
INSERT INTO nationality (id, name) VALUES (79, 'Honduregna');
INSERT INTO nationality (id, name) VALUES (80, 'Indiana');
INSERT INTO nationality (id, name) VALUES (81, 'Indonesiana');
INSERT INTO nationality (id, name) VALUES (82, 'Irachena');
INSERT INTO nationality (id, name) VALUES (83, 'Iraniana');
INSERT INTO nationality (id, name) VALUES (84, 'Irlandese');
INSERT INTO nationality (id, name) VALUES (85, 'Islandese');
INSERT INTO nationality (id, name) VALUES (86, 'Israeliana');
INSERT INTO nationality (id, name) VALUES (87, 'Italiana');
INSERT INTO nationality (id, name) VALUES (88, 'Ivoriana');
INSERT INTO nationality (id, name) VALUES (89, 'Kazaka');
INSERT INTO nationality (id, name) VALUES (90, 'Keniota');
INSERT INTO nationality (id, name) VALUES (91, 'Kirghisa');
INSERT INTO nationality (id, name) VALUES (92, 'Kiribatiana');
INSERT INTO nationality (id, name) VALUES (93, 'Kossovara');
INSERT INTO nationality (id, name) VALUES (94, 'Kuwaitiana');
INSERT INTO nationality (id, name) VALUES (95, 'Laotiana');
INSERT INTO nationality (id, name) VALUES (96, 'Lesothiana');
INSERT INTO nationality (id, name) VALUES (97, 'Lettone');
INSERT INTO nationality (id, name) VALUES (98, 'Libanese');
INSERT INTO nationality (id, name) VALUES (99, 'Liberiana');
INSERT INTO nationality (id, name) VALUES (100, 'Libica');
INSERT INTO nationality (id, name) VALUES (101, 'Liechtensteiniana');
INSERT INTO nationality (id, name) VALUES (102, 'Lituana');
INSERT INTO nationality (id, name) VALUES (103, 'Lussemburghese');
INSERT INTO nationality (id, name) VALUES (104, 'Macedone');
INSERT INTO nationality (id, name) VALUES (105, 'Malgascia');
INSERT INTO nationality (id, name) VALUES (106, 'Malawiana');
INSERT INTO nationality (id, name) VALUES (107, 'Malese');
INSERT INTO nationality (id, name) VALUES (108, 'Maldiviana');
INSERT INTO nationality (id, name) VALUES (109, 'Maliana');
INSERT INTO nationality (id, name) VALUES (110, 'Maltese');
INSERT INTO nationality (id, name) VALUES (111, 'Marocchina');
INSERT INTO nationality (id, name) VALUES (112, 'Marshallese');
INSERT INTO nationality (id, name) VALUES (113, 'Mauritana');
INSERT INTO nationality (id, name) VALUES (114, 'Mauriziana');
INSERT INTO nationality (id, name) VALUES (115, 'Messicana');
INSERT INTO nationality (id, name) VALUES (116, 'Micronesiana');
INSERT INTO nationality (id, name) VALUES (117, 'Moldava');
INSERT INTO nationality (id, name) VALUES (118, 'Monegasca');
INSERT INTO nationality (id, name) VALUES (119, 'Mongola');
INSERT INTO nationality (id, name) VALUES (120, 'Montenegrina');
INSERT INTO nationality (id, name) VALUES (121, 'Mozambicana');
INSERT INTO nationality (id, name) VALUES (122, 'Nambiana');
INSERT INTO nationality (id, name) VALUES (123, 'Nauruana');
INSERT INTO nationality (id, name) VALUES (124, 'Nepalese');
INSERT INTO nationality (id, name) VALUES (125, 'Neozelandese');
INSERT INTO nationality (id, name) VALUES (126, 'Nicaraguense');
INSERT INTO nationality (id, name) VALUES (127, 'Nigerina');
INSERT INTO nationality (id, name) VALUES (128, 'Nigeriana');
INSERT INTO nationality (id, name) VALUES (129, 'Norvegese');
INSERT INTO nationality (id, name) VALUES (130, 'Olandese');
INSERT INTO nationality (id, name) VALUES (131, 'Omanita');
INSERT INTO nationality (id, name) VALUES (132, 'Pakistana');
INSERT INTO nationality (id, name) VALUES (133, 'Palauana');
INSERT INTO nationality (id, name) VALUES (134, 'Palestinese');
INSERT INTO nationality (id, name) VALUES (135, 'Panamense');
INSERT INTO nationality (id, name) VALUES (136, 'Papuana');
INSERT INTO nationality (id, name) VALUES (137, 'Paraguaiana');
INSERT INTO nationality (id, name) VALUES (138, 'Peruviana');
INSERT INTO nationality (id, name) VALUES (139, 'Polacca');
INSERT INTO nationality (id, name) VALUES (140, 'Portoghese');
INSERT INTO nationality (id, name) VALUES (141, 'Qatariota');
INSERT INTO nationality (id, name) VALUES (142, 'Rumena');
INSERT INTO nationality (id, name) VALUES (143, 'Russa');
INSERT INTO nationality (id, name) VALUES (144, 'Ruandese');
INSERT INTO nationality (id, name) VALUES (145, 'Salvadoregna');
INSERT INTO nationality (id, name) VALUES (146, 'Samoana');
INSERT INTO nationality (id, name) VALUES (147, 'Sanmarinese');
INSERT INTO nationality (id, name) VALUES (148, 'Sankittitiana');
INSERT INTO nationality (id, name) VALUES (149, 'Santaluciana');
INSERT INTO nationality (id, name) VALUES (150, 'Saotomense');
INSERT INTO nationality (id, name) VALUES (151, 'Senegalese');
INSERT INTO nationality (id, name) VALUES (152, 'Serba');
INSERT INTO nationality (id, name) VALUES (153, 'Seychellese');
INSERT INTO nationality (id, name) VALUES (154, 'Sierraleonese');
INSERT INTO nationality (id, name) VALUES (155, 'Singaporeana');
INSERT INTO nationality (id, name) VALUES (156, 'Siriana');
INSERT INTO nationality (id, name) VALUES (157, 'Slovacca');
INSERT INTO nationality (id, name) VALUES (158, 'Slovena');
INSERT INTO nationality (id, name) VALUES (159, 'Somala');
INSERT INTO nationality (id, name) VALUES (160, 'Spagnola');
INSERT INTO nationality (id, name) VALUES (161, 'Srilankese');
INSERT INTO nationality (id, name) VALUES (162, 'Statunitense');
INSERT INTO nationality (id, name) VALUES (163, 'Sudafricana');
INSERT INTO nationality (id, name) VALUES (164, 'Sudanese');
INSERT INTO nationality (id, name) VALUES (165, 'Sudanese del Sud');
INSERT INTO nationality (id, name) VALUES (166, 'Surinamese');
INSERT INTO nationality (id, name) VALUES (167, 'Svedese');
INSERT INTO nationality (id, name) VALUES (168, 'Svizzera');
INSERT INTO nationality (id, name) VALUES (169, 'Swazilandese');
INSERT INTO nationality (id, name) VALUES (170, 'Tagika');
INSERT INTO nationality (id, name) VALUES (171, 'Taiwanese');
INSERT INTO nationality (id, name) VALUES (172, 'Tanzaniana');
INSERT INTO nationality (id, name) VALUES (173, 'Tedesca');
INSERT INTO nationality (id, name) VALUES (174, 'Thailandese');
INSERT INTO nationality (id, name) VALUES (175, 'Timorese');
INSERT INTO nationality (id, name) VALUES (176, 'Togolese');
INSERT INTO nationality (id, name) VALUES (177, 'Tongana');
INSERT INTO nationality (id, name) VALUES (178, 'Trinidadiana');
INSERT INTO nationality (id, name) VALUES (179, 'Tunisina');
INSERT INTO nationality (id, name) VALUES (180, 'Turca');
INSERT INTO nationality (id, name) VALUES (181, 'Turkmena');
INSERT INTO nationality (id, name) VALUES (182, 'Tuvaluana');
INSERT INTO nationality (id, name) VALUES (183, 'Ucraina');
INSERT INTO nationality (id, name) VALUES (184, 'Ugandese');
INSERT INTO nationality (id, name) VALUES (185, 'Ungherese');
INSERT INTO nationality (id, name) VALUES (186, 'Uruguaiana');
INSERT INTO nationality (id, name) VALUES (187, 'Uzbeka');
INSERT INTO nationality (id, name) VALUES (188, 'Vanuatuana');
INSERT INTO nationality (id, name) VALUES (189, 'Vaticana');
INSERT INTO nationality (id, name) VALUES (190, 'Venezuelana');
INSERT INTO nationality (id, name) VALUES (191, 'Vietnamita');
INSERT INTO nationality (id, name) VALUES (192, 'Yemenita');
INSERT INTO nationality (id, name) VALUES (193, 'Zambiana');
INSERT INTO nationality (id, name) VALUES (194, 'Zimbabwese');






-- Inserimento generi letterari
INSERT INTO genere (id, nome) VALUES (-1, 'Narrativa');
INSERT INTO genere (id, nome) VALUES (-2, 'Thriller');
INSERT INTO genere (id, nome) VALUES (-3, 'Fantasy');
INSERT INTO genere (id, nome) VALUES (-4, 'Saggistica');
INSERT INTO genere (id, nome) VALUES (-5, 'Biografia');
INSERT INTO genere (id, nome) VALUES (-6, 'Storia');
INSERT INTO genere (id, nome) VALUES (-7, 'Poesia');
INSERT INTO genere (id, nome) VALUES (-8, 'Romanzo');
INSERT INTO genere (id, nome) VALUES (-9, 'Distopico');
INSERT INTO genere (id, nome) VALUES (-10, 'Fantascienza');
INSERT INTO genere (id, nome) VALUES (-11, 'Giallo');
INSERT INTO genere (id, nome) VALUES (-12, 'Horror');
INSERT INTO genere (id, nome) VALUES (-13, 'Avventura');


INSERT INTO author (id, name, surname, date_of_birth, date_of_death, nationality_id, foto_id) VALUES (-1, 'Dante', 'Alighieri', '1265-01-01', '1321-09-14', 87, NULL);
INSERT INTO author (id, name, surname, date_of_birth, date_of_death, nationality_id, foto_id) VALUES (-2, 'William', 'Shakespeare', '1564-04-26', '1616-04-23', 26, NULL);
INSERT INTO author (id, name, surname, date_of_birth, date_of_death, nationality_id, foto_id) VALUES (-3, 'Lev', 'Tolstoj', '1828-09-09', '1910-11-20', 143, NULL);
INSERT INTO author (id, name, surname, date_of_birth, date_of_death, nationality_id, foto_id) VALUES (-4, 'Victor', 'Hugo', '1802-02-26', '1885-05-22', 62, NULL);
INSERT INTO author (id, name, surname, date_of_birth, date_of_death, nationality_id, foto_id) VALUES (-5, 'Johann Wolfgang', 'Goethe', '1749-08-28', '1832-03-22', 173, NULL);
INSERT INTO author (id, name, surname, date_of_birth, date_of_death, nationality_id, foto_id) VALUES (-6, 'Ernest', 'Hemingway', '1899-07-21', '1961-07-02', 162, NULL);
INSERT INTO author (id, name, surname, date_of_birth, date_of_death, nationality_id, foto_id) VALUES (-7, 'Haruki', 'Murakami', '1949-01-12', NULL, 68, NULL);
INSERT INTO author (id, name, surname, date_of_birth, date_of_death, nationality_id, foto_id) VALUES (-8, 'Gabriel', 'García Márquez', '1927-03-06', '2014-04-17', 41, NULL);
INSERT INTO author (id, name, surname, date_of_birth, date_of_death, nationality_id, foto_id) VALUES (-9, 'Alessandro', 'Manzoni', '1785-03-07', '1873-05-22', 87, NULL);
INSERT INTO author (id, name, surname, date_of_birth, date_of_death, nationality_id, foto_id) VALUES (-10, 'Charles', 'Dickens', '1812-02-07', '1870-06-09', 26, NULL);
INSERT INTO author (id, name, surname, date_of_birth, date_of_death, nationality_id, foto_id) VALUES (-11, 'Fëdor', 'Dostoevskij', '1821-11-11', '1881-02-09', 143, NULL);
INSERT INTO author (id, name, surname, date_of_birth, date_of_death, nationality_id, foto_id) VALUES (-12, 'Marcel', 'Proust', '1871-07-10', '1922-11-18', 62, NULL);
INSERT INTO author (id, name, surname, date_of_birth, date_of_death, nationality_id, foto_id) VALUES (-13, 'Franz', 'Kafka', '1883-07-03', '1924-06-03', 37, NULL);
INSERT INTO author (id, name, surname, date_of_birth, date_of_death, nationality_id, foto_id) VALUES (-14, 'Mark', 'Twain', '1835-11-30', '1910-04-21', 162, NULL);
INSERT INTO author (id, name, surname, date_of_birth, date_of_death, nationality_id, foto_id) VALUES (-15, 'Yukio', 'Mishima', '1925-01-14', '1970-11-25', 68, NULL);

INSERT INTO author (id, name, surname, date_of_birth, date_of_death, nationality_id, foto_id) VALUES (-16, 'Tracy', 'Chevalier', '1962-10-19', NULL, 162, NULL);
INSERT INTO author (id, name, surname, date_of_birth, date_of_death, nationality_id, foto_id) VALUES (-17, 'Frank', 'Herbert', '1920-10-08', '1986-02-11', 162, NULL);
INSERT INTO author (id, name, surname, date_of_birth, date_of_death, nationality_id, foto_id) VALUES (-18, 'J.R.R.', 'Tolkien', '1892-01-03', '1973-09-02', 26, NULL);
INSERT INTO author (id, name, surname, date_of_birth, date_of_death, nationality_id, foto_id) VALUES (-19, 'George R.R.', 'Martin', '1948-09-20', NULL, 162, NULL);
INSERT INTO author (id, name, surname, date_of_birth, date_of_death, nationality_id, foto_id) VALUES (-20, 'Antoine', 'de Saint-Exupéry', '1900-06-29', '1944-07-31', 62, NULL);

INSERT INTO author (id, name, surname, date_of_birth, date_of_death, nationality_id, foto_id) VALUES (-21, 'Italo', 'Calvino', '1923-10-15', '1985-09-19', 87, NULL);
INSERT INTO author (id, name, surname, date_of_birth, date_of_death, nationality_id, foto_id) VALUES (-22, 'Margaret', 'Atwood', '1939-11-18', NULL, 33, NULL);
INSERT INTO author (id, name, surname, date_of_birth, date_of_death, nationality_id, foto_id) VALUES (-23, 'George', 'Orwell', '1903-06-25', '1950-01-21', 26, NULL);
INSERT INTO author (id, name, surname, date_of_birth, date_of_death, nationality_id, foto_id) VALUES (-24, 'J.K.', 'Rowling', '1965-07-31', NULL, 26, NULL);
INSERT INTO author (id, name, surname, date_of_birth, date_of_death, nationality_id, foto_id) VALUES (-25, 'Chinua', 'Achebe', '1930-11-16', '2013-03-21', 128, NULL);
INSERT INTO author (id, name, surname, date_of_birth, date_of_death, nationality_id, foto_id) VALUES (-26, 'Jane', 'Austen', '1775-12-16', '1817-07-18', 26, NULL);
INSERT INTO author (id, name, surname, date_of_birth, date_of_death, nationality_id, foto_id) VALUES (-27, 'Elena', 'Ferrante', '1943-04-05', NULL, 87, NULL);
INSERT INTO author (id, name, surname, date_of_birth, date_of_death, nationality_id, foto_id) VALUES (-28, 'Stephen', 'King', '1947-09-21', NULL, 162, NULL);
INSERT INTO author (id, name, surname, date_of_birth, date_of_death, nationality_id, foto_id) VALUES (-29, 'Agatha', 'Christie', '1890-09-15', '1976-01-12', 26, NULL);
INSERT INTO author (id, name, surname, date_of_birth, date_of_death, nationality_id, foto_id) VALUES (-30, 'Umberto', 'Eco', '1932-01-05', '2016-02-19', 87, NULL);
INSERT INTO author (id, name, surname, date_of_birth, date_of_death, nationality_id, foto_id) VALUES (-31, 'Paulo', 'Coelho', '1947-08-24', NULL, 25, NULL);
INSERT INTO author (id, name, surname, date_of_birth, date_of_death, nationality_id, foto_id) VALUES (-32, 'Dan', 'Brown', '1964-06-22', NULL, 162, NULL);


INSERT INTO book (id, title, publication_year, genere_id, descrizione, isbn) VALUES (-1, 'Se una notte d''inverno un viaggiatore', 1979, -1, 'Un romanzo postmoderno che coinvolge direttamente il lettore nella storia.', '9780156439619');

INSERT INTO book (id, title, publication_year, genere_id, descrizione, isbn) VALUES (-2, 'Norwegian Wood', 1987, -8, 'Una toccante storia d''amore e perdita ambientata nel Giappone degli anni Sessanta.', '9780375704024');

INSERT INTO book (id, title, publication_year, genere_id, descrizione, isbn) VALUES (-3, 'Il racconto dell''ancella', 1985, -9, 'Un futuro totalitario in cui le donne sono ridotte a strumenti di riproduzione.', '9780385490818');

INSERT INTO book (id, title, publication_year, genere_id, descrizione, isbn) VALUES (-4, '1984', 1949, -9, 'Un mondo dominato da un regime oppressivo dove ogni individuo è sorvegliato.', '9780451524935');

INSERT INTO book (id, title, publication_year, genere_id, descrizione, isbn) VALUES (-5, 'Harry Potter e la pietra filosofale', 1997, -3, 'Il primo capitolo della saga di Harry Potter, il giovane mago che scopre il suo destino.', '9780747532699');

INSERT INTO book (id, title, publication_year, genere_id, descrizione, isbn) VALUES (-6, 'Il crollo', 1958, -8, 'La caduta di una cultura africana tradizionale a causa del colonialismo europeo.', '9780385474542');

INSERT INTO book (id, title, publication_year, genere_id, descrizione, isbn) VALUES (-7, 'Cent''anni di solitudine', 1967, -8, 'La saga della famiglia Buendía in un villaggio immaginario chiamato Macondo.', '9780060883287');

INSERT INTO book (id, title, publication_year, genere_id, descrizione, isbn) VALUES (-8, 'Orgoglio e pregiudizio', 1813, -8, 'Una storia d''amore tra orgoglio e malintesi nella società inglese dell''Ottocento.', '9780141439518');

INSERT INTO book (id, title, publication_year, genere_id, descrizione, isbn) VALUES (-9, 'Il processo', 1925, -8, 'Un uomo viene arrestato senza sapere perché, vittima di un sistema assurdo.', '9780805209990');

INSERT INTO book (id, title, publication_year, genere_id, descrizione, isbn) VALUES (-10, 'L''amica geniale', 2011, -8, 'Due amiche crescono nella Napoli del dopoguerra tra sogni e conflitti.', '9781609450786');

-- Nuovi libri aggiunti
INSERT INTO book (id, title, publication_year, genere_id, descrizione, isbn) VALUES (-11, 'It', 1986, -12, 'Un terrificante clown terrorizza la città di Derry, Maine.', '9780451169518');

INSERT INTO book (id, title, publication_year, genere_id, descrizione, isbn) VALUES (-12, 'Assassinio sull''Orient Express', 1934, -11, 'Hercule Poirot risolve un misterioso omicidio su un treno bloccato dalla neve.', '9780007119318');

INSERT INTO book (id, title, publication_year, genere_id, descrizione, isbn) VALUES (-13, 'Il nome della rosa', 1980, -11, 'Un mistero medievale ambientato in un''abbazia benedettina.', '9780156001311');

INSERT INTO book (id, title, publication_year, genere_id, descrizione, isbn) VALUES (-14, 'L''alchimista', 1988, -13, 'Il viaggio di un giovane pastore andaluso alla ricerca del suo tesoro personale.', '9780061122415');

INSERT INTO book (id, title, publication_year, genere_id, descrizione, isbn) VALUES (-15, 'Il codice da Vinci', 2003, -2, 'Un simbologista e una crittologa cercano di svelare un antico mistero.', '9780307474278');

INSERT INTO book (id, title, publication_year, genere_id, descrizione, isbn) VALUES (-16, 'La ragazza con l''orecchino di perla', 1999, -8, 'La storia immaginaria dietro il famoso dipinto di Vermeer.', '9780452282155');

INSERT INTO book (id, title, publication_year, genere_id, descrizione, isbn) VALUES (-17, 'Dune', 1965, -10, 'Un''epica di fantascienza ambientata su un pianeta desertico ricco di spezie.', '9780441172719');

INSERT INTO book (id, title, publication_year, genere_id, descrizione, isbn) VALUES (-18, 'Il Signore degli Anelli - La Compagnia dell''Anello', 1954, -3, 'L''inizio dell''epica avventura di Frodo per distruggere l''Anello del Potere.', '9780547928210');

INSERT INTO book (id, title, publication_year, genere_id, descrizione, isbn) VALUES (-19, 'Cronache del ghiaccio e del fuoco - Il Trono di Spade', 1996, -3, 'Lotte di potere in un mondo fantastico dove l''inverno dura anni.', '9780553103540');
INSERT INTO book (id, title, publication_year, genere_id, descrizione, isbn) VALUES (-20, 'Il piccolo principe', 1943, -1, 'Un pilota incontra un piccolo principe venuto da un asteroide.', '9780156012195');




INSERT INTO author_books (books_id, authors_id) VALUES (-1, -21);  -- Se una notte d'inverno un viaggiatore - Italo Calvino
INSERT INTO author_books (books_id, authors_id) VALUES (-2, -7);   -- Norwegian Wood - Haruki Murakami
INSERT INTO author_books (books_id, authors_id) VALUES (-3, -22);  -- Il racconto dell'ancella - Margaret Atwood
INSERT INTO author_books (books_id, authors_id) VALUES (-4, -23);  -- 1984 - George Orwell
INSERT INTO author_books (books_id, authors_id) VALUES (-5, -24);  -- Harry Potter e la pietra filosofale - J.K. Rowling
INSERT INTO author_books (books_id, authors_id) VALUES (-6, -25);  -- Il crollo - Chinua Achebe
INSERT INTO author_books (books_id, authors_id) VALUES (-7, -8);   -- Cent'anni di solitudine - Gabriel García Márquez
INSERT INTO author_books (books_id, authors_id) VALUES (-8, -26);  -- Orgoglio e pregiudizio - Jane Austen
INSERT INTO author_books (books_id, authors_id) VALUES (-9, -13);  -- Il processo - Franz Kafka
INSERT INTO author_books (books_id, authors_id) VALUES (-10, -27); -- L'amica geniale - Elena Ferrante
INSERT INTO author_books (books_id, authors_id) VALUES (-11, -28); -- It - Stephen King
INSERT INTO author_books (books_id, authors_id) VALUES (-12, -29); -- Assassinio sull'Orient Express - Agatha Christie
INSERT INTO author_books (books_id, authors_id) VALUES (-13, -30); -- Il nome della rosa - Umberto Eco
INSERT INTO author_books (books_id, authors_id) VALUES (-14, -31); -- L'alchimista - Paulo Coelho
INSERT INTO author_books (books_id, authors_id) VALUES (-15, -32); -- Il codice da Vinci - Dan Brown
INSERT INTO author_books (books_id, authors_id) VALUES (-16, -16); -- La ragazza con l'orecchino di perla - Tracy Chevalier
INSERT INTO author_books (books_id, authors_id) VALUES (-17, -17); -- Dune - Frank Herbert
INSERT INTO author_books (books_id, authors_id) VALUES (-18, -18); -- Il Signore degli Anelli - La Compagnia dell'Anello - J.R.R. Tolkien
INSERT INTO author_books (books_id, authors_id) VALUES (-19, -19); -- Cronache del ghiaccio e del fuoco - Il Trono di Spade - George R.R. Martin
INSERT INTO author_books (books_id, authors_id) VALUES (-20, -20); -- Il piccolo principe - Antoine de Saint-Exupéry

    




























      
-- 1. INSERIMENTO UTENTI (struttura tabella: id, name, surname, email)
-- Nota: ho rimosso le colonne 'username' e 'password' da qui, perché sono gestite in 'credential'.
INSERT INTO users (id, name, surname, email) VALUES (-1, 'Admin', 'Admin', 'admin@example.com');
INSERT INTO users (id, name, surname, email) VALUES (-2, 'Mario', 'Rossi', 'mario.rossi@example.com');
INSERT INTO users (id, name, surname, email) VALUES (-3, 'Anna', 'Verdi', 'anna.verdi@example.com');
INSERT INTO users (id, name, surname, email) VALUES (-4, 'Luca', 'Bianchi', 'luca.bianchi@example.com');
INSERT INTO users (id, name, surname, email) VALUES (-5, 'Giulia', 'Neri', 'giulia.neri@example.com');
INSERT INTO users (id, name, surname, email) VALUES (-6, 'Marco', 'Gialli', 'marco.gialli@example.com');
INSERT INTO users (id, name, surname, email) VALUES (-7, 'Sara', 'Azzurri', 'sara.azzurri@example.com');
INSERT INTO users (id, name, surname, email) VALUES (-8, 'Paolo', 'Bruni', 'paolo.bruni@example.com');
INSERT INTO users (id, name, surname, email) VALUES (-9, 'Chiara', 'Rizzo', 'chiara.rizzo@example.com');
INSERT INTO users (id, name, surname, email) VALUES (-10, 'Davide', 'Romano', 'davide.romano@example.com');
INSERT INTO users (id, name, surname, email) VALUES (-11, 'Federica', 'Gallo', 'federica.gallo@example.com');

-- 2. INSERIMENTO CREDENZIALI (collegate a user_id esistenti)
-- admin → password: "admin"
INSERT INTO credential (id, username, password, role, user_id) VALUES (-1, 'admin', '$2a$12$4FZZK2qvNFqpCQxo/QdmWu5M8ofMen/JkXhgQROeZcBzUR5KjMNf.', 'ROLE_ADMIN', -1);
-- user1 → password: "user1"
INSERT INTO credential (id, username, password, role, user_id) VALUES (-2, 'user1', '$2a$12$dLQTWf/C5DQBDiYNhsieV.70BdFUcKybD92IZAiOMjLalEzFU.Ye.', 'ROLE_USER', -2);
-- user2 → password: "user2"
INSERT INTO credential (id, username, password, role, user_id) VALUES (-3, 'user2', '$2a$12$4mEeVQEmYpVKdUwvc5g0Q.yTgu265pG3LTyeKsMzUYtsYKuE5e1se', 'ROLE_USER', -3);
-- user3 → password: "user3"
INSERT INTO credential (id, username, password, role, user_id) VALUES (-4, 'user3', '$2a$12$rUSX9DfkYM.W/YCm2TcWFu28ZEEpUwij0RBzuVe.16Vq9mrlJoKrm', 'ROLE_USER', -4);
-- user4 → password: "user4"
INSERT INTO credential (id, username, password, role, user_id) VALUES (-5, 'user4', '$2a$12$oxUiVKrXfsZgEN1yNjCkEu3UY3jdPJKa7ArgXkvJOw4sZya/rFVe6', 'ROLE_USER', -5);
-- user5 → password: "user5"
INSERT INTO credential (id, username, password, role, user_id) VALUES (-6, 'user5', '$2a$12$HAA51k0uLaNH/Iwex/8db.1cOJ.5c15R8oJGIXJ2Ae6YAIK/MJNya', 'ROLE_USER', -6);
-- user6 → password: "user6"
INSERT INTO credential (id, username, password, role, user_id) VALUES (-7, 'user6', '$2a$12$6gAInZMGYsEeswqYO1Flr.2jvnm19MEqYgbmX1yu96JtfA/3Y31He', 'ROLE_USER', -7);
-- user7 → password: "user7"
INSERT INTO credential (id, username, password, role, user_id) VALUES (-8, 'user7', '$2a$12$0dS/wt7hcBJ35VgpNO8CnOem1pwQFj3ST4gMjaWf17IHsn1fdhrC2', 'ROLE_USER', -8);

-- 3. INSERIMENTO RECENSIONI (sintassi corretta e user_id esistenti)
-- Libro: 'Il Signore degli Anelli' (id: -18)
INSERT INTO review (id, title, vote, text, date, user_id, book_id) VALUES (-1, 'Capolavoro assoluto!', 5, 'Un''avventura epica che definisce un genere. La costruzione del mondo è incredibile...', '2025-07-22', -2, -18); -- user1
INSERT INTO review (id, title, vote, text, date, user_id, book_id) VALUES (-2, 'Immenso', 5, 'Tolkien ha creato un universo. La profondità della storia è sbalorditiva.', '2025-07-22', -3, -18); -- user2
INSERT INTO review (id, title, vote, text, date, user_id, book_id) VALUES (-3, 'Un po'' lento a tratti, ma magnifico', 4, 'A volte le descrizioni sono molto lunghe, ma la grandezza dell''opera è innegabile.', '2025-07-22', -4, -18); -- user3

-- Libro: 'Cronache del ghiaccio e del fuoco' (id: -19)
INSERT INTO review (id, title, vote, text, date, user_id, book_id) VALUES (-4, 'Brutale e avvincente', 5, 'Un fantasy crudo, realistico e imprevedibile. Impossibile smettere di leggere.', '2025-07-22', -5, -19); -- user4
INSERT INTO review (id, title, vote, text, date, user_id, book_id) VALUES (-5, 'Intrighi e colpi di scena', 5, 'Se amate la politica e i giochi di potere, questo è il libro per voi.', '2025-07-22', -6, -19); -- user5

-- Libro: 'Dune' (id: -17)
INSERT INTO review (id, title, vote, text, date, user_id, book_id) VALUES (-6, 'Fantascienza filosofica', 5, 'Molto più di una semplice space opera. Esplora temi profondi e affascinanti.', '2025-07-22', -7, -17); -- user6
INSERT INTO review (id, title, vote, text, date, user_id, book_id) VALUES (-7, 'Un mondo incredibile', 5, 'Arrakis è uno dei pianeti più iconici della letteratura. Straordinario.', '2025-07-22', -8, -17); -- user7

    


